<?xml version="1.0" encoding="UTF-8"?>
<issues format="5" by="lint 4.0.1" client="gradle" variant="all" version="4.0.1">

    <issue
        id="UselessParent"
        message="This `ScrollView` layout or its `FrameLayout` parent is possibly useless; transfer the `background` attribute to the other view"
        errorLine1="    &lt;ScrollView"
        errorLine2="     ~~~~~~~~~~">
        <location
            file="src/main/res/layout/login_landing_fragment.xml"
            line="8"
            column="6"/>
    </issue>

    <issue
        id="VectorRaster"
        message="Limit vector icons sizes to 200×200 to keep icon drawing fast; see https://developer.android.com/studio/write/vector-asset-studio#when for more"
        errorLine1="    android:width=&quot;512dp&quot;"
        errorLine2="                   ~~~~~">
        <location
            file="src/main/res/drawable/ic_switch_camera_512dp.xml"
            line="3"
            column="20"/>
    </issue>

    <issue
        id="MergeRootFrame"
        message="This `&lt;FrameLayout>` can be replaced with a `&lt;merge>` tag"
        errorLine1="&lt;FrameLayout"
        errorLine2="^">
        <location
            file="src/main/res/layout/content_room.xml"
            line="2"
            column="1"/>
    </issue>

    <issue
        id="Overdraw"
        message="Possible overdraw: Root element paints background `?attr/colorPrimary` with a theme that also paints a background (inferred theme is `@style/AppTheme_LoginScreen`)"
        errorLine1="    android:background=&quot;?attr/colorPrimary&quot;"
        errorLine2="    ~~~~~~~~~~~~~~~~~~~~~~~~~~~~~~~~~~~~~~~"
        includedVariants="communityDebug,communityRelease"
        excludedVariants="internalDebug,internalRelease">
        <location
            file="src/community/res/layout/community_login_activity.xml"
            line="8"
            column="5"/>
    </issue>

    <issue
        id="UnusedResources"
        message="The resource `R.color.lobbyStatusBar` appears to be unused"
        errorLine1="    &lt;color name=&quot;lobbyStatusBar&quot;>#e0e0e0&lt;/color>"
        errorLine2="           ~~~~~~~~~~~~~~~~~~~~~">
        <location
            file="src/main/res/values/colors.xml"
            line="16"
            column="12"/>
    </issue>

    <issue
        id="UnusedResources"
        message="The resource `R.color.lobbySecondaryText` appears to be unused"
        errorLine1="    &lt;color name=&quot;lobbySecondaryText&quot;>#80ffffff&lt;/color>"
        errorLine2="           ~~~~~~~~~~~~~~~~~~~~~~~~~">
        <location
            file="src/main/res/values/colors.xml"
            line="17"
            column="12"/>
    </issue>

    <issue
        id="UnusedResources"
        message="The resource `R.color.lobbyHangup` appears to be unused"
        errorLine1="    &lt;color name=&quot;lobbyHangup&quot;>#CC2B33&lt;/color>"
        errorLine2="           ~~~~~~~~~~~~~~~~~~">
        <location
            file="src/main/res/values/colors.xml"
            line="21"
            column="12"/>
    </issue>

    <issue
        id="UnusedResources"
        message="The resource `R.dimen.local_video_size` appears to be unused"
        errorLine1="    &lt;dimen name=&quot;local_video_size&quot;>90dp&lt;/dimen>"
        errorLine2="           ~~~~~~~~~~~~~~~~~~~~~~~">
        <location
            file="src/main/res/values/dimens.xml"
            line="6"
            column="12"/>
    </issue>

    <issue
        id="UnusedResources"
        message="The resource `R.drawable.ic_add_circle_white_24px` appears to be unused"
        errorLine1="&lt;vector xmlns:android=&quot;http://schemas.android.com/apk/res/android&quot;"
        errorLine2="^">
        <location
            file="src/main/res/drawable/ic_add_circle_white_24px.xml"
            line="1"
            column="1"/>
    </issue>

    <issue
        id="UnusedResources"
        message="The resource `R.drawable.ic_call_black_24dp` appears to be unused"
        errorLine1="&lt;vector xmlns:android=&quot;http://schemas.android.com/apk/res/android&quot;"
        errorLine2="^">
        <location
            file="src/main/res/drawable/ic_call_black_24dp.xml"
            line="1"
            column="1"/>
    </issue>

    <issue
        id="UnusedResources"
        message="The resource `R.drawable.ic_call_white_24px` appears to be unused"
        errorLine1="&lt;vector xmlns:android=&quot;http://schemas.android.com/apk/res/android&quot;"
        errorLine2="^">
        <location
            file="src/main/res/drawable/ic_call_white_24px.xml"
            line="1"
            column="1"/>
    </issue>

    <issue
        id="UnusedResources"
        message="The resource `R.drawable.ic_exit_to_app_white_24px` appears to be unused"
        errorLine1="&lt;vector xmlns:android=&quot;http://schemas.android.com/apk/res/android&quot;"
        errorLine2="^">
        <location
            file="src/main/res/drawable/ic_exit_to_app_white_24px.xml"
            line="2"
            column="1"/>
    </issue>

    <issue
        id="UnusedResources"
        message="The resource `R.mipmap.ic_launcher_round` appears to be unused"
        errorLine1="&lt;adaptive-icon xmlns:android=&quot;http://schemas.android.com/apk/res/android&quot;>"
        errorLine2="^">
        <location
            file="src/main/res/mipmap-anydpi-v26/ic_launcher_round.xml"
            line="2"
            column="1"/>
        <location
            file="src/main/res/mipmap-hdpi/ic_launcher_round.png"/>
        <location
            file="src/main/res/mipmap-mdpi/ic_launcher_round.png"/>
        <location
            file="src/main/res/mipmap-xhdpi/ic_launcher_round.png"/>
        <location
            file="src/main/res/mipmap-xxhdpi/ic_launcher_round.png"/>
        <location
            file="src/main/res/mipmap-xxxhdpi/ic_launcher_round.png"/>
        <location
            file="src/community/res/mipmap-anydpi-v26/ic_launcher_round.xml"
            line="2"
            column="1"/>
        <location
            file="src/community/res/mipmap-hdpi/ic_launcher_round.png"/>
        <location
            file="src/community/res/mipmap-mdpi/ic_launcher_round.png"/>
        <location
            file="src/community/res/mipmap-xhdpi/ic_launcher_round.png"/>
        <location
            file="src/community/res/mipmap-xxhdpi/ic_launcher_round.png"/>
        <location
            file="src/community/res/mipmap-xxxhdpi/ic_launcher_round.png"/>
    </issue>

    <issue
        id="UnusedResources"
        message="The resource `R.drawable.ic_mic_green_24px` appears to be unused"
        errorLine1="&lt;vector xmlns:android=&quot;http://schemas.android.com/apk/res/android&quot;"
        errorLine2="^">
        <location
            file="src/main/res/drawable/ic_mic_green_24px.xml"
            line="2"
            column="1"/>
    </issue>

    <issue
        id="UnusedResources"
        message="The resource `R.drawable.ic_mic_off_red_24px` appears to be unused"
        errorLine1="&lt;vector xmlns:android=&quot;http://schemas.android.com/apk/res/android&quot;"
        errorLine2="^">
        <location
            file="src/main/res/drawable/ic_mic_off_red_24px.xml"
            line="2"
            column="1"/>
    </issue>

    <issue
        id="UnusedResources"
        message="The resource `R.drawable.ic_mic_red_24px` appears to be unused"
        errorLine1="&lt;vector xmlns:android=&quot;http://schemas.android.com/apk/res/android&quot;"
        errorLine2="^">
        <location
            file="src/main/res/drawable/ic_mic_red_24px.xml"
            line="2"
            column="1"/>
    </issue>

    <issue
        id="UnusedResources"
        message="The resource `R.drawable.ic_more_vert_white_24dp` appears to be unused"
        errorLine1="&lt;vector xmlns:android=&quot;http://schemas.android.com/apk/res/android&quot;"
        errorLine2="^">
        <location
            file="src/main/res/drawable/ic_more_vert_white_24dp.xml"
            line="1"
            column="1"/>
    </issue>

    <issue
        id="UnusedResources"
        message="The resource `R.drawable.ic_pause_green_24px` appears to be unused"
        errorLine1="&lt;vector xmlns:android=&quot;http://schemas.android.com/apk/res/android&quot;"
        errorLine2="^">
        <location
            file="src/main/res/drawable/ic_pause_green_24px.xml"
            line="2"
            column="1"/>
    </issue>

    <issue
        id="UnusedResources"
        message="The resource `R.drawable.ic_pause_red_24px` appears to be unused"
        errorLine1="&lt;vector xmlns:android=&quot;http://schemas.android.com/apk/res/android&quot;"
        errorLine2="^">
        <location
            file="src/main/res/drawable/ic_pause_red_24px.xml"
            line="2"
            column="1"/>
    </issue>

    <issue
        id="UnusedResources"
        message="The resource `R.drawable.ic_play_white_24px` appears to be unused"
        errorLine1="&lt;vector xmlns:android=&quot;http://schemas.android.com/apk/res/android&quot;"
        errorLine2="^">
        <location
            file="src/main/res/drawable/ic_play_white_24px.xml"
            line="2"
            column="1"/>
    </issue>

    <issue
        id="UnusedResources"
        message="The resource `R.drawable.ic_switch_camera_512dp` appears to be unused"
        errorLine1="&lt;vector xmlns:android=&quot;http://schemas.android.com/apk/res/android&quot;"
        errorLine2="^">
        <location
            file="src/main/res/drawable/ic_switch_camera_512dp.xml"
            line="2"
            column="1"/>
    </issue>

    <issue
        id="UnusedResources"
        message="The resource `R.drawable.ic_videocam_green_24px` appears to be unused"
        errorLine1="&lt;vector xmlns:android=&quot;http://schemas.android.com/apk/res/android&quot;"
        errorLine2="^">
        <location
            file="src/main/res/drawable/ic_videocam_green_24px.xml"
            line="2"
            column="1"/>
    </issue>

    <issue
        id="UnusedResources"
        message="The resource `R.drawable.ic_videocam_off_red_24px` appears to be unused"
        errorLine1="&lt;vector xmlns:android=&quot;http://schemas.android.com/apk/res/android&quot;"
        errorLine2="^">
        <location
            file="src/main/res/drawable/ic_videocam_off_red_24px.xml"
            line="2"
            column="1"/>
    </issue>

    <issue
        id="UnusedResources"
        message="The resource `R.drawable.ic_volume_down_gray_24px` appears to be unused"
        errorLine1="&lt;vector xmlns:android=&quot;http://schemas.android.com/apk/res/android&quot;"
        errorLine2="^">
        <location
            file="src/main/res/drawable/ic_volume_down_gray_24px.xml"
            line="1"
            column="1"/>
    </issue>

    <issue
        id="UnusedResources"
        message="The resource `R.drawable.ic_volume_down_green_24px` appears to be unused"
        errorLine1="&lt;vector xmlns:android=&quot;http://schemas.android.com/apk/res/android&quot;"
        errorLine2="^">
        <location
            file="src/main/res/drawable/ic_volume_down_green_24px.xml"
            line="1"
            column="1"/>
    </issue>

    <issue
        id="UnusedResources"
        message="The resource `R.drawable.ic_volume_down_white_24px` appears to be unused"
        errorLine1="&lt;vector xmlns:android=&quot;http://schemas.android.com/apk/res/android&quot;"
        errorLine2="^">
        <location
            file="src/main/res/drawable/ic_volume_down_white_24px.xml"
            line="1"
            column="1"/>
    </issue>

    <issue
        id="UnusedResources"
        message="The resource `R.string.enable_ice` appears to be unused"
        errorLine1="    &lt;string name=&quot;enable_ice&quot;>Enable ICE Options&lt;/string>"
        errorLine2="            ~~~~~~~~~~~~~~~~~">
        <location
            file="src/main/res/values/strings.xml"
            line="126"
            column="13"/>
    </issue>

    <issue
        id="UnusedResources"
        message="The resource `R.string.ice_options` appears to be unused"
        errorLine1="    &lt;string name=&quot;ice_options&quot;>Enable ICE options&lt;/string>"
        errorLine2="            ~~~~~~~~~~~~~~~~~~">
        <location
            file="src/main/res/values/strings.xml"
            line="127"
            column="13"/>
    </issue>

    <issue
        id="UnusedResources"
        message="The resource `R.string.client_name` appears to be unused"
        errorLine1="    &lt;string name=&quot;client_name&quot;>Client Name&lt;/string>"
        errorLine2="            ~~~~~~~~~~~~~~~~~~">
        <location
            file="src/main/res/values/strings.xml"
            line="129"
            column="13"/>
    </issue>

    <issue
        id="UnusedResources"
        message="The resource `R.string.username` appears to be unused"
        errorLine1="    &lt;string name=&quot;username&quot;>Username&lt;/string>"
        errorLine2="            ~~~~~~~~~~~~~~~">
        <location
            file="src/main/res/values/strings.xml"
            line="135"
            column="13"/>
    </issue>

    <issue
        id="UnusedResources"
        message="The resource `R.string.join_room` appears to be unused"
        errorLine1="    &lt;string name=&quot;join_room&quot;>Join Room&lt;/string>"
        errorLine2="            ~~~~~~~~~~~~~~~~">
        <location
            file="src/main/res/values/strings.xml"
            line="136"
            column="13"/>
    </issue>

    <issue
        id="UnusedResources"
        message="The resource `R.string.registering` appears to be unused"
        errorLine1="    &lt;string name=&quot;registering&quot;>Registering&lt;/string>"
        errorLine2="            ~~~~~~~~~~~~~~~~~~">
        <location
            file="src/main/res/values/strings.xml"
            line="137"
            column="13"/>
    </issue>

    <issue
        id="UnusedResources"
        message="The resource `R.string.video_client_status` appears to be unused"
        errorLine1="    &lt;string name=&quot;video_client_status&quot;>Video Client Status&lt;/string>"
        errorLine2="            ~~~~~~~~~~~~~~~~~~~~~~~~~~">
        <location
            file="src/main/res/values/strings.xml"
            line="138"
            column="13"/>
    </issue>

    <issue
        id="UnusedResources"
        message="The resource `R.string.room_status` appears to be unused"
        errorLine1="    &lt;string name=&quot;room_status&quot;>Room Status&lt;/string>"
        errorLine2="            ~~~~~~~~~~~~~~~~~~">
        <location
            file="src/main/res/values/strings.xml"
            line="139"
            column="13"/>
    </issue>

    <issue
        id="UnusedResources"
        message="The resource `R.string.video_constraints` appears to be unused"
        errorLine1="    &lt;string name=&quot;video_constraints&quot;>Video Constraints&lt;/string>"
        errorLine2="            ~~~~~~~~~~~~~~~~~~~~~~~~">
        <location
            file="src/main/res/values/strings.xml"
            line="140"
            column="13"/>
    </issue>

    <issue
        id="UnusedResources"
        message="The resource `R.string.local` appears to be unused"
        errorLine1="    &lt;string name=&quot;local&quot;>Local Media&lt;/string>"
        errorLine2="            ~~~~~~~~~~~~">
        <location
            file="src/main/res/values/strings.xml"
            line="142"
            column="13"/>
    </issue>

    <issue
        id="UnusedResources"
        message="The resource `R.string.remote` appears to be unused"
        errorLine1="    &lt;string name=&quot;remote&quot;>Remote Media&lt;/string>"
        errorLine2="            ~~~~~~~~~~~~~">
        <location
            file="src/main/res/values/strings.xml"
            line="143"
            column="13"/>
    </issue>

    <issue
        id="UnusedResources"
        message="The resource `R.string.stun_turn` appears to be unused"
        errorLine1="    &lt;string name=&quot;stun_turn&quot;>STUN or TURN server&lt;/string>"
        errorLine2="            ~~~~~~~~~~~~~~~~">
        <location
            file="src/main/res/values/strings.xml"
            line="144"
            column="13"/>
    </issue>

    <issue
        id="UnusedResources"
        message="The resource `R.string.add_server` appears to be unused"
        errorLine1="    &lt;string name=&quot;add_server&quot;>Add&lt;/string>"
        errorLine2="            ~~~~~~~~~~~~~~~~~">
        <location
            file="src/main/res/values/strings.xml"
            line="145"
            column="13"/>
    </issue>

    <issue
        id="UnusedResources"
        message="The resource `R.string.ice_options_button` appears to be unused"
        errorLine1="    &lt;string name=&quot;ice_options_button&quot;>Ice Options&lt;/string>"
        errorLine2="            ~~~~~~~~~~~~~~~~~~~~~~~~~">
        <location
            file="src/main/res/values/strings.xml"
            line="146"
            column="13"/>
    </issue>

    <issue
        id="UnusedResources"
        message="The resource `R.string.prefer_h264` appears to be unused"
        errorLine1="    &lt;string name=&quot;prefer_h264&quot;>Prefer H264&lt;/string>"
        errorLine2="            ~~~~~~~~~~~~~~~~~~">
        <location
            file="src/main/res/values/strings.xml"
            line="147"
            column="13"/>
    </issue>

    <issue
        id="UnusedResources"
        message="The resource `R.string.auto_register` appears to be unused"
        errorLine1="    &lt;string name=&quot;auto_register&quot;>Automatically register when app launches&lt;/string>"
        errorLine2="            ~~~~~~~~~~~~~~~~~~~~">
        <location
            file="src/main/res/values/strings.xml"
            line="148"
            column="13"/>
    </issue>

    <issue
        id="UnusedResources"
        message="The resource `R.string.auto_accept` appears to be unused"
        errorLine1="    &lt;string name=&quot;auto_accept&quot;>Accept invites automatically&lt;/string>"
        errorLine2="            ~~~~~~~~~~~~~~~~~~">
        <location
            file="src/main/res/values/strings.xml"
            line="149"
            column="13"/>
    </issue>

    <issue
        id="UnusedResources"
        message="The resource `R.string.use_headset` appears to be unused"
        errorLine1="    &lt;string name=&quot;use_headset&quot;>Start audio using headset&lt;/string>"
        errorLine2="            ~~~~~~~~~~~~~~~~~~">
        <location
            file="src/main/res/values/strings.xml"
            line="150"
            column="13"/>
    </issue>

    <issue
        id="UnusedResources"
        message="The resource `R.string.error_initializing_conversations` appears to be unused"
        errorLine1="    &lt;string name=&quot;error_initializing_conversations&quot;>Error initializing conversations sdk&lt;/string>"
        errorLine2="            ~~~~~~~~~~~~~~~~~~~~~~~~~~~~~~~~~~~~~~~">
        <location
            file="src/main/res/values/strings.xml"
            line="151"
            column="13"/>
    </issue>

    <issue
        id="UnusedResources"
        message="The resource `R.string.logout_when_conv_ends` appears to be unused"
        errorLine1="    &lt;string name=&quot;logout_when_conv_ends&quot;>Logout when conversation ends&lt;/string>"
        errorLine2="            ~~~~~~~~~~~~~~~~~~~~~~~~~~~~">
        <location
            file="src/main/res/values/strings.xml"
            line="152"
            column="13"/>
    </issue>

    <issue
        id="UnusedResources"
        message="The resource `R.string.room_name` appears to be unused"
        errorLine1="    &lt;string name=&quot;room_name&quot;>Room Name&lt;/string>"
        errorLine2="            ~~~~~~~~~~~~~~~~">
        <location
            file="src/main/res/values/strings.xml"
            line="153"
            column="13"/>
    </issue>

    <issue
        id="UnusedResources"
        message="The resource `R.string.bitrate` appears to be unused"
        errorLine1="    &lt;string name=&quot;bitrate&quot;>bps&lt;/string>"
        errorLine2="            ~~~~~~~~~~~~~~">
        <location
            file="src/main/res/values/strings.xml"
            line="193"
            column="13"/>
    </issue>

    <issue
        id="UnusedResources"
        message="The resource `R.style.AppTheme_AppBarOverlay` appears to be unused"
        errorLine1="    &lt;style name=&quot;AppTheme.AppBarOverlay&quot; parent=&quot;ThemeOverlay.AppCompat.Dark.ActionBar&quot; />"
        errorLine2="           ~~~~~~~~~~~~~~~~~~~~~~~~~~~~~">
        <location
            file="src/main/res/values/styles.xml"
            line="16"
            column="12"/>
    </issue>

    <issue
        id="UnusedResources"
        message="The resource `R.style.AppTheme_PopupOverlay` appears to be unused"
        errorLine1="    &lt;style name=&quot;AppTheme.PopupOverlay&quot; parent=&quot;ThemeOverlay.AppCompat.Light&quot; />"
        errorLine2="           ~~~~~~~~~~~~~~~~~~~~~~~~~~~~">
        <location
            file="src/main/res/values/styles.xml"
            line="17"
            column="12"/>
    </issue>

    <issue
        id="UnusedResources"
        message="The resource `R.drawable.twilio_badge_white` appears to be unused"
        errorLine1="&lt;vector xmlns:android=&quot;http://schemas.android.com/apk/res/android&quot;"
        errorLine2="^">
        <location
            file="src/main/res/drawable/twilio_badge_white.xml"
            line="2"
            column="1"/>
    </issue>

    <issue
        id="UselessParent"
        message="This `ScrollView` layout or its `FrameLayout` parent is possibly useless; transfer the `background` attribute to the other view"
        errorLine1="    &lt;ScrollView"
        errorLine2="     ~~~~~~~~~~">
        <location
            file="src/main/res/layout/login_landing_fragment.xml"
            line="8"
            column="6"/>
    </issue>

    <issue
        id="UselessParent"
        message="This `RelativeLayout` layout or its `LinearLayout` parent is useless"
        errorLine1="    &lt;RelativeLayout"
        errorLine2="     ~~~~~~~~~~~~~~">
        <location
            file="src/main/res/layout/join_room.xml"
            line="10"
            column="6"/>
    </issue>

    <issue
        id="UselessParent"
        message="This `LinearLayout` layout or its `LinearLayout` parent is useless"
        errorLine1="    &lt;LinearLayout"
        errorLine2="     ~~~~~~~~~~~~">
        <location
            file="src/main/res/layout/range_bar_preference.xml"
            line="14"
            column="6"/>
    </issue>

    <issue
        id="IconDensities"
        message="Missing the following drawables in `drawable-hdpi`: network_quality_level_0.png, network_quality_level_1.png, network_quality_level_2.png, network_quality_level_3.png, network_quality_level_4.png... (1 more)">
        <location
            file="src/main/res/drawable-hdpi"/>
    </issue>

    <issue
        id="Autofill"
        message="Missing `autofillHints` attribute"
        errorLine1="        &lt;EditText"
        errorLine2="         ~~~~~~~~">
        <location
            file="src/main/res/layout/number_preference.xml"
            line="16"
            column="10"/>
    </issue>

    <issue
        id="ContentDescription"
        message="Missing `contentDescription` attribute on image"
        errorLine1="                &lt;ImageView"
        errorLine2="                 ~~~~~~~~~">
        <location
            file="src/main/res/layout-v21/room_activity.xml"
            line="153"
            column="18"/>
    </issue>

    <issue
        id="ContentDescription"
        message="Missing `contentDescription` attribute on image"
        errorLine1="        &lt;ImageView"
        errorLine2="         ~~~~~~~~~">
        <location
            file="src/main/res/layout/participant_view.xml"
            line="34"
            column="10"/>
    </issue>

    <issue
        id="RtlEnabled"
        message="The project references RTL attributes, but does not explicitly enable or disable RTL support with `android:supportsRtl` in the manifest">
        <location
            file="src/main/AndroidManifest.xml"/>
    </issue>

</issues>
