{
  "comment": "Fake file used to please Google Services gradle plugin for community variant.",
  "project_info": {
    "project_number": "000000000",
    "firebase_url": "https://fake-app.firebaseio.com",
    "project_id": "fake-app-0000",
    "storage_bucket": "fake-app-0000.appspot.com"
  },
  "client": [
    {
      "client_info": {
        "mobilesdk_app_id": "1:000000000:android:000000000",
        "android_client_info": {
          "package_name": "com.twilio.video.app.community"
        }
      },
      "oauth_client": [
        {
          "client_id": "000000-00000.apps.googleusercontent.com",
          "client_type": 1,
          "android_info": {
            "package_name": "com.twilio.video.app.community",
            "certificate_hash": "00000000000000000000000000"
          }
        },
        {
          "client_id": "00000-00000.apps.googleusercontent.com",
          "client_type": 3
        }
      ],
      "api_key": [
        {
          "current_key": "00000-00000000"
        }
      ],
      "services": {
        "analytics_service": {
          "status": 1
        },
        "appinvite_service": {
          "status": 2,
          "other_platform_oauth_client": [
            {
              "client_id": "00000-000000.apps.googleusercontent.com",
              "client_type": 3
            },
            {
              "client_id": "000000-000000.apps.googleusercontent.com",
              "client_type": 2,
              "ios_info": {
                "bundle_id": "com.twilio.fake-video-app"
              }
            }
          ]
        },
        "ads_service": {
          "status": 2
        }
      }
    },
    {
      "client_info": {
        "mobilesdk_app_id": "1:00000000:android:00000000",
        "android_client_info": {
          "package_name": "com.twilio.video.app.community.debug"
        }
      },
      "oauth_client": [
        {
          "client_id": "0000000-00000000.apps.googleusercontent.com",
          "client_type": 1,
          "android_info": {
            "package_name": "com.twilio.video.app.community.debug",
            "certificate_hash": "00000000000"
          }
        },
        {
          "client_id": "0000000-00000000.apps.googleusercontent.com",
          "client_type": 3
        }
      ],
      "api_key": [
        {
          "current_key": "00000000-000000000000"
        }
      ],
      "services": {
        "analytics_service": {
          "status": 1
        },
        "appinvite_service": {
          "status": 2,
          "other_platform_oauth_client": [
            {
              "client_id": "00000000-000000000.apps.googleusercontent.com",
              "client_type": 3
            },
            {
              "client_id": "00000000-00000000.apps.googleusercontent.com",
              "client_type": 2,
              "ios_info": {
                "bundle_id": "com.twilio.fake-video-app"
              }
            }
          ]
        },
        "ads_service": {
          "status": 2
        }
      }
    },
    {
      "client_info": {
        "mobilesdk_app_id": "1:00000000:android:0000000000",
        "android_client_info": {
          "package_name": "com.twilio.video.app.community"
        }
      },
      "oauth_client": [
        {
          "client_id": "000000-00000000.apps.googleusercontent.com",
          "client_type": 1,
          "android_info": {
            "package_name": "com.twilio.video.app.community",
            "certificate_hash": "00000000000000000000"
          }
        },
        {
          "client_id": "0000000-00000000000.apps.googleusercontent.com",
          "client_type": 3
        }
      ],
      "api_key": [
        {
          "current_key": "0000000-000000"
        }
      ],
      "services": {
        "analytics_service": {
          "status": 1
        },
        "appinvite_service": {
          "status": 2,
          "other_platform_oauth_client": [
            {
              "client_id": "0000000-0000000.apps.googleusercontent.com",
              "client_type": 3
            },
            {
              "client_id": "0000000-000000.apps.googleusercontent.com",
              "client_type": 2,
              "ios_info": {
                "bundle_id": "com.twilio.fake-video-app"
              }
            }
          ]
        },
        "ads_service": {
          "status": 2
        }
      }
    }
  ],
  "configuration_version": "1"
}